org_nr,sni,checked
502007-7862,"64.190,55.102",2026-10-09
502017-7753,64.190,2026-10-09
502032-9081,"64.190,62.100,65.111",2026-10-09
516401-8482,65.120,2026-10-09
517100-0143,"70.200,74.990,64.920",2026-10-09
556000-3468,70.100,2026-10-09
556000-4615,"70.100,62.900",2026-10-09
556000-5331,"28.240,46.610,28.420,95.220",2026-10-09
556000-8020,77.340,2026-10-09
556000-9374,70.100,2026-10-09
556001-3301,70.100,2026-10-09
556001-6122,"70.100,72.109",2026-10-09
556003-0354,"28.940,46.860,27.510",2026-10-09
556006-0625,46.860,2026-10-09
556006-3421,70.100,2026-10-09
556007-3495,70.100,2026-10-09
556008-1621,70.100,2026-10-09
556008-3585,70.100,2026-10-09
556009-4178,"70.100,46.431",2026-10-09
556012-5790,70.100,2026-10-09
556012-6293,70.100,2026-10-09
556012-8240,"68.203,68.201",2026-10-09
556012-8489,"64.920,64.991",2026-10-09
556013-5872,70.100,2026-10-09
556013-8298,64.991,2026-10-09
556014-2720,70.100,2026-10-09
556016-0680,"70.100,62.201",2026-10-09
556016-3429,70.100,2026-10-09
556017-9367,70.100,2026-10-09
556025-1851,70.100,2026-10-09
556025-5001,70.100,2026-10-09
556026-3237,"64.991,66.190",2026-10-09
556026-3666,64.212,2026-10-09
556027-1305,09.100,2026-10-09
556029-8654,64.991,2026-10-09
556030-7885,70.100,2026-10-09
556034-1579,70.100,2026-10-09
556034-5174,70.100,2026-10-09
556034-8590,"70.100,62.202,68.203",2026-10-09
556035-6940,70.100,2026-10-09
556035-8672,"47.122,47.123,70.100",2026-10-09
556036-0793,"30.320,26.510,26.200,26.300,71.122",2026-10-09
556038-9321,"46.460,77.400",2026-10-09
556040-8113,70.100,2026-10-09
556041-2149,70.100,2026-10-09
556042-7220,70.100,2026-10-09
556043-4200,64.991,2026-10-09
556045-2103,41.000,2026-10-09
556047-9742,64.991,2026-10-09
556049-1523,"68.203,70.100,68.209",2026-10-09
556051-0207,"28.140,24.440,46.842",2026-10-09
556051-4142,70.100,2026-10-09
556051-7772,"27.120,27.330,71.122",2026-10-09
556052-4984,"70.100,68.202,68.203",2026-10-09
556056-8817,"70.100,68.203",2026-10-09
556057-3981,68.201,2026-10-09
556058-6744,"25.930,25.120",2026-10-09
556059-3575,70.100,2026-10-09
556060-9447,70.200,2026-10-09
556061-4330,"70.100,63.100",2026-10-09
556063-9147,64.991,2026-10-09
556064-8304,70.100,2026-10-09
556065-4054,"46.432,46.502,70.200",2026-10-09
556069-0751,"70.100,68.202,68.203",2026-10-09
556072-1523,"68.201,68.203",2026-10-09
556074-2800,"29.320,28.240,25.630,28.110,28.300",2026-10-09
556076-2055,70.100,2026-10-09
556077-7434,"26.110,71.123",2026-10-09
556078-0073,"58.290,47.123",2026-10-09
556079-1419,70.100,2026-10-09
556080-4592,70.100,2026-10-09
556081-6653,29.320,2026-10-09
556090-4251,"92.000,26.400,46.649,62.201",2026-10-09
556093-6949,"93.111,77.210,85.510",2026-10-09
556097-2233,"70.100,29.200,77.390",2026-10-09
556103-4249,"70.100,61.100",2026-10-09
556108-6892,46.649,2026-10-09
556108-9631,66.190,2026-10-09
556110-6203,70.100,2026-10-09
556112-5690,70.100,2026-10-09
556116-4384,64.212,2026-10-09
556120-6474,70.100,2026-10-09
556131-2611,22.210,2026-10-09
556158-1041,64.190,2026-10-09
556160-4108,70.100,2026-10-09
556161-0113,70.100,2026-10-09
556168-6360,70.200,2026-10-09
556170-4015,70.100,2026-10-09
556175-7047,"68.203,41.000,68.202",2026-10-09
556183-0281,"68.203,68.201",2026-10-09
556184-6691,70.100,2026-10-09
556190-4771,70.100,2026-10-09
556209-7146,70.100,2026-10-09
556211-8637,70.100,2026-10-09
556215-4459,70.100,2026-10-09
556223-9227,"68.320,72.101,81.100",2026-10-09
556224-1892,71.129,2026-10-09
556229-2820,"69.201,46.189,70.100",2026-10-09
556229-7480,70.100,2026-10-09
556230-7867,"68.203,70.100,68.202,68.201",2026-10-09
556232-0811,"70.200,46.499",2026-10-09
556233-6494,"25.999,77.400,26.200",2026-10-09
556234-6204,70.200,2026-10-09
556238-1748,75.000,2026-10-09
556238-4361,72.109,2026-10-09
556239-4071,70.100,2026-10-09
556241-5322,70.100,2026-10-09
556242-3797,"72.109,46.460",2026-10-09
556244-3050,58.290,2026-10-09
556245-4073,70.200,2026-10-09
556249-0192,"62.201,62.100",2026-10-09
556249-4848,"32.501,46.460",2026-10-09
556252-1384,"62.201,62.100,71.123,71.122,70.200",2026-10-09
556258-4804,70.100,2026-10-09
556259-1205,"72.101,46.460",2026-10-09
556260-2317,93.113,2026-10-09
556264-3022,70.100,2026-10-09
556274-8458,"64.993,62.100",2026-10-09
556277-8943,70.100,2026-10-09
556280-2115,47.122,2026-10-09
556281-8830,70.100,2026-10-09
556282-4556,70.100,2026-10-09
556288-5417,64.991,2026-10-09
556291-3185,70.100,2026-10-09
556291-7442,62.201,2026-10-09
556292-1089,70.100,2026-10-09
556294-1715,"68.202,68.203",2026-10-09
556294-7845,70.200,2026-10-09
556297-2504,70.100,2026-10-09
556299-4847,70.100,2026-10-09
556301-2730,70.100,2026-10-09
556301-7481,70.100,2026-10-09
556302-7241,70.100,2026-10-09
556302-9726,70.100,2026-10-09
556308-8144,70.100,2026-10-09
556309-9158,70.100,2026-10-09
556311-5939,64.994,2026-10-09
556313-5309,62.201,2026-10-09
556319-4041,27.900,2026-10-09
556321-8105,62.201,2026-10-09
556322-6157,58.290,2026-10-09
556323-2536,"70.100,68.203",2026-10-09
556325-5511,70.100,2026-10-09
556332-6676,"21.200,72.109",2026-10-09
556337-3835,79.110,2026-10-09
556347-2926,62.201,2026-10-09
556349-8426,70.100,2026-10-09
556350-0916,70.100,2026-10-09
556351-2374,"28.990,28.290",2026-10-09
556354-3452,64.212,2026-10-09
556356-3880,70.100,2026-10-09
556367-0230,"68.203,68.202",2026-10-09
556374-8309,70.100,2026-10-09
556378-5632,71.122,2026-10-09
556380-8723,"46.380,72.109",2026-10-09
556383-9348,70.200,2026-10-09
556389-2776,"35.120,43.210",2026-10-09
556389-3956,"42.221,35.120",2026-10-09
556391-0354,70.100,2026-10-09
556392-1971,70.100,2026-10-09
556392-3332,70.200,2026-10-09
556394-1987,71.121,2026-10-09
556403-3818,72.101,2026-10-09
556405-9367,70.100,2026-10-09
556406-1702,"47.123,47.612,46.499",2026-10-09
556407-3145,"46.460,32.501,72.101,68.203,72.109",2026-10-09
556408-5032,70.100,2026-10-09
556408-8770,70.100,2026-10-09
556410-8198,"26.600,33.130",2026-10-09
556410-8917,70.100,2026-10-09
556417-0743,72.109,2026-10-09
556427-7993,62.100,2026-10-09
556430-7741,"33.160,30.310,28.990",2026-10-09
556438-0284,22.120,2026-10-09
556443-2929,"78.201,78.100",2026-10-09
556446-4286,70.100,2026-10-09
556447-9912,70.200,2026-10-09
556454-1109,71.124,2026-10-09
556454-8781,64.991,2026-10-09
556463-9440,"68.203,68.202,68.201,70.100",2026-10-09
556464-7575,42.221,2026-10-09
556465-3185,70.100,2026-10-09
556468-4354,70.200,2026-10-09
556468-9957,62.100,2026-10-09
556469-2019,64.991,2026-10-09
556470-3790,10.890,2026-10-09
556472-3632,70.100,2026-10-09
556475-5550,70.100,2026-10-09
556476-0782,"46.433,71.122,27.330",2026-10-09
556479-8493,"11.030,11.050,11.070,11.010",2026-10-09
556480-3327,70.100,2026-10-09
556480-7377,64.212,2026-10-09
556481-0074,07.290,2026-10-09
556486-5847,61.900,2026-10-09
556487-3064,71.129,2026-10-09
556487-4534,46.501,2026-10-09
556493-3199,09.900,2026-10-09
556494-3446,70.100,2026-10-09
556498-4077,10.611,2026-10-09
556500-0600,72.109,2026-10-09
556500-0998,"72.109,46.460",2026-10-09
556501-0997,70.100,2026-10-09
556501-1771,"68.203,68.201,68.202,68.310",2026-10-09
556516-1501,"78.201,78.100",2026-10-09
556519-7372,72.109,2026-10-09
556519-7729,46.450,2026-10-09
556519-9493,"61.100,63.100,69.201",2026-10-09
556520-0028,70.100,2026-10-09
556520-1190,93.120,2026-10-09
556525-6905,68.203,2026-10-09
556526-6748,61.100,2026-10-09
556528-2752,70.100,2026-10-09
556529-9293,26.510,2026-10-09
556530-5868,"43.221,46.842",2026-10-09
556532-3929,64.212,2026-10-09
556533-4397,"26.300,58.290,46.503,62.201",2026-10-09
556535-0252,72.109,2026-10-09
556535-1128,"78.201,78.100",2026-10-09
556536-7488,46.499,2026-10-09
556537-7263,"72.101,21.200",2026-10-09
556539-6396,27.110,2026-10-09
556540-7615,70.200,2026-10-09
556541-2094,"31.001,70.100",2026-10-09
556541-8869,72.109,2026-10-09
556542-0824,70.100,2026-10-09
556542-9841,70.100,2026-10-09
556543-8883,81.210,2026-10-09
556544-5318,"27.900,24.420,25.510",2026-10-09
556544-8783,72.109,2026-10-09
556545-6596,"72.109,26.110,72.101",2026-10-09
556549-1650,64.212,2026-10-09
556550-8537,72.109,2026-10-09
556551-8932,58.210,2026-10-09
556552-2652,72.109,2026-10-09
556555-4317,70.200,2026-10-09
556555-4382,72.109,2026-10-09
556556-2781,"46.433,46.471",2026-10-09
556556-4241,72.109,2026-10-09
556556-4332,71.122,2026-10-09
556556-5289,"70.200,66.120",2026-10-09
556556-8325,"70.200,74.990",2026-10-09
556557-7854,29.101,2026-10-09
556559-4123,62.100,2026-10-09
556561-0424,"72.101,32.501",2026-10-09
556561-8641,62.100,2026-10-09
556562-1835,"62.100,62.201",2026-10-09
556565-5734,72.101,2026-10-09
556566-0601,15.120,2026-10-09
556566-4298,72.109,2026-10-09
556566-7119,70.200,2026-10-09
556568-3108,"63.100,52.260,62.100",2026-10-09
556568-8958,72.109,2026-10-09
556569-3602,"07.290,09.900",2026-10-09
556570-9499,"20.140,72.109",2026-10-09
556571-8797,"21.200,72.109",2026-10-09
556572-1775,71.122,2026-10-09
556574-5048,72.109,2026-10-09
556574-5345,"72.109,72.101",2026-10-09
556575-2960,64.212,2026-10-09
556575-7423,58.290,2026-10-09
556575-8371,62.100,2026-10-09
556576-4205,70.200,2026-10-09
556576-4809,70.100,2026-10-09
556576-6655,27.110,2026-10-09
556578-2496,70.100,2026-10-09
556578-4724,70.100,2026-10-09
556578-5622,66.190,2026-10-09
556580-2526,70.100,2026-10-09
556582-6558,"58.210,69.201",2026-10-09
556584-8917,62.100,2026-10-09
556585-9682,72.109,2026-10-09
556586-1936,62.100,2026-10-09
556586-2264,"46.120,68.201",2026-10-09
556587-4376,"62.201,46.501,62.100",2026-10-09
556587-8054,64.212,2026-10-09
556587-8708,74.990,2026-10-09
556588-0936,70.200,2026-10-09
556590-2151,62.100,2026-10-09
556591-2986,70.100,2026-10-09
556591-5385,26.110,2026-10-09
556596-6107,72.109,2026-10-09
556596-6438,72.109,2026-10-09
556597-0513,"64.190,64.999",2026-10-09
556597-8201,72.109,2026-10-09
556601-2679,72.109,2026-10-09
556605-6726,71.124,2026-10-09
556606-1155,26.510,2026-10-09
556606-3300,70.100,2026-10-09
556606-5446,70.100,2026-10-09
556607-7581,70.100,2026-10-09
556609-0162,74.110,2026-10-09
556610-8055,09.100,2026-10-09
556611-2057,62.201,2026-10-09
556611-7585,72.109,2026-10-09
556612-0878,"62.201,62.100,62.202",2026-10-09
556613-0927,72.109,2026-10-09
556613-9654,"26.510,46.501,26.200,58.290,72.200",2026-10-09
556614-5826,"58.290,62.100",2026-10-09
556614-7368,62.201,2026-10-09
556617-1459,70.200,2026-10-09
556617-7803,71.129,2026-10-09
556619-3222,64.212,2026-10-09
556620-8095,70.100,2026-10-09
556623-4976,28.290,2026-10-09
556627-6241,68.203,2026-10-09
556628-5408,64.211,2026-10-09
556629-1786,72.109,2026-10-09
556633-3828,70.200,2026-10-09
556634-1300,43.210,2026-10-09
556642-1011,72.109,2026-10-09
556642-3678,72.109,2026-10-09
556646-4862,"46.460,32.501,72.109",2026-10-09
556647-1727,70.100,2026-10-09
556647-7286,64.190,2026-10-09
556648-2310,"26.600,32.501",2026-10-09
556649-3671,72.109,2026-10-09
556649-5734,"29.101,47.811,47.820",2026-10-09
556651-0987,61.100,2026-10-09
556653-2924,"31.002,46.649",2026-10-09
556654-0786,73.200,2026-10-09
556655-3839,"32.400,46.499",2026-10-09
556656-3531,64.211,2026-10-09
556656-5502,63.910,2026-10-09
556656-9447,47.631,2026-10-09
556657-7754,72.101,2026-10-09
556658-0683,70.200,2026-10-09
556660-1182,"66.120,66.301",2026-10-09
556661-8954,64.212,2026-10-09
556663-9174,71.122,2026-10-09
556664-5023,72.109,2026-10-09
556664-6203,72.101,2026-10-09
556665-6038,72.109,2026-10-09
556665-7838,"28.990,26.110",2026-10-09
556667-0492,"41.000,68.201",2026-10-09
556667-4759,58.210,2026-10-09
556667-9105,72.109,2026-10-09
556668-2141,70.100,2026-10-09
556668-3933,70.100,2026-10-09
556668-9575,64.920,2026-10-09
556669-2223,26.600,2026-10-09
556669-2850,70.100,2026-10-09
556669-7834,64.212,2026-10-09
556670-2519,46.460,2026-10-09
556670-3038,70.200,2026-10-09
556671-3607,58.210,2026-10-09
556672-3010,58.290,2026-10-09
556672-4893,70.100,2026-10-09
556674-1749,70.200,2026-10-09
556675-2837,70.100,2026-10-09
556676-4857,62.100,2026-10-09
556677-0599,"30.310,77.400,70.200",2026-10-09
556677-7917,64.212,2026-10-09
556678-0093,26.600,2026-10-09
556678-6645,"68.202,46.831,71.124",2026-10-09
556680-3804,70.100,2026-10-09
556680-8878,58.210,2026-10-09
556682-1046,72.109,2026-10-09
556683-5608,66.120,2026-10-09
556684-2695,47.541,2026-10-09
556685-6240,70.100,2026-10-09
556686-3576,"62.100,70.200,62.201,68.203",2026-10-09
556687-2460,26.510,2026-10-09
556687-2577,"47.404,62.100",2026-10-09
556689-5529,71.121,2026-10-09
556690-5989,"96.230,46.491",2026-10-09
556691-3728,74.110,2026-10-09
556691-7547,"58.290,85.510",2026-10-09
556692-3248,64.991,2026-10-09
556692-4287,"46.850,71.122",2026-10-09
556693-7255,70.100,2026-10-09
556693-7404,70.200,2026-10-09
556693-8014,09.100,2026-10-09
556694-0978,"68.203,68.202",2026-10-09
556694-4798,70.100,2026-10-09
556695-9531,"72.109,68.310,74.990",2026-10-09
556697-7426,72.109,2026-10-09
556698-0453,46.380,2026-10-09
556699-1088,70.200,2026-10-09
556699-9214,47.712,2026-10-09
556703-1702,70.200,2026-10-09
556703-3062,64.212,2026-10-09
556704-4168,"09.900,07.290",2026-10-09
556704-6908,"20.410,20.599,20.140,82.990",2026-10-09
556705-0157,64.994,2026-10-09
556705-4571,80.090,2026-10-09
556705-8903,72.109,2026-10-09
556706-0412,70.200,2026-10-09
556706-6724,72.109,2026-10-09
556706-8720,62.201,2026-10-09
556707-2128,29.310,2026-10-09
556707-5048,66.190,2026-10-09
556708-2911,70.100,2026-10-09
556709-1169,"47.401,58.210,47.712",2026-10-09
556709-9436,71.124,2026-10-09
556710-2784,"07.100,07.290",2026-10-09
556710-8757,62.100,2026-10-09
556710-9243,70.200,2026-10-09
556712-2972,64.920,2026-10-09
556713-3425,46.460,2026-10-09
556713-3672,70.100,2026-10-09
556713-4183,"46.649,70.100",2026-10-09
556713-7947,30.120,2026-10-09
556713-9893,26.510,2026-10-09
556714-1857,70.100,2026-10-09
556715-5113,72.109,2026-10-09
556715-7929,70.100,2026-10-09
556716-5591,10.890,2026-10-09
556717-1185,46.360,2026-10-09
556719-3528,"62.100,63.100",2026-10-09
556719-4914,35.120,2026-10-09
556719-9244,46.460,2026-10-09
556721-3078,58.210,2026-10-09
556722-7284,62.100,2026-10-09
556723-6418,72.109,2026-10-09
556723-8877,62.100,2026-10-09
556724-1616,70.200,2026-10-09
556724-7373,46.649,2026-10-09
556724-8694,70.200,2026-10-09
556725-4866,62.900,2026-10-09
556726-0285,72.101,2026-10-09
556727-5168,"70.200,64.991",2026-10-09
556728-6652,70.100,2026-10-09
556729-0217,72.101,2026-10-09
556729-2593,"11.010,56.110,93.290",2026-10-09
556729-5588,72.109,2026-10-09
556729-8483,71.122,2026-10-09
556729-9812,70.200,2026-10-09
556730-4299,86.999,2026-10-09
556730-7813,"42.110,64.994",2026-10-09
556730-9751,62.100,2026-10-09
556731-3126,"58.190,66.120",2026-10-09
556733-0161,"70.100,64.993,70.200",2026-10-09
556733-1045,47.123,2026-10-09
556734-5359,72.109,2026-10-09
556735-3809,68.201,2026-10-09
556737-5489,70.200,2026-10-09
556738-7864,77.400,2026-10-09
556739-8663,72.109,2026-10-09
556740-5070,"46.340,22.220,46.170",2026-10-09
556740-7050,"46.360,10.520,46.170",2026-10-09
556742-0806,70.100,2026-10-09
556746-6437,70.100,2026-10-09
556747-1395,"28.250,43.221",2026-10-09
556747-1890,70.100,2026-10-09
556748-7953,46.630,2026-10-09
556748-8399,70.100,2026-10-09
556749-1963,68.320,2026-10-09
556749-2375,72.109,2026-10-09
556749-5006,"46.501,62.100",2026-10-09
556751-8708,62.100,2026-10-09
556752-3369,71.122,2026-10-09
556753-5272,74.120,2026-10-09
556755-3226,72.109,2026-10-09
556756-0940,"07.290,09.900",2026-10-09
556757-7597,64.212,2026-10-09
556759-8064,72.109,2026-10-09
556759-8353,27.900,2026-10-09
556760-2692,70.100,2026-10-09
556760-8475,70.100,2026-10-09
556761-7492,46.503,2026-10-09
556762-3391,72.109,2026-10-09
556762-3839,"62.100,58.290,68.203",2026-10-09
556767-0541,71.122,2026-10-09
556767-5144,"70.100,41.000",2026-10-09
556769-3063,"70.200,35.120",2026-10-09
556770-6311,70.200,2026-10-09
556771-3465,68.203,2026-10-09
556773-4768,70.100,2026-10-09
556774-6150,72.101,2026-10-09
556775-2745,64.991,2026-10-09
556776-3064,72.109,2026-10-09
556776-4674,61.100,2026-10-09
556778-7691,"62.201,85.594",2026-10-09
556779-9969,"70.200,07.290",2026-10-09
556780-3480,72.109,2026-10-09
556785-4236,07.290,2026-10-09
556785-5241,68.203,2026-10-09
556788-1825,29.101,2026-10-09
556789-0495,64.212,2026-10-09
556789-7557,72.101,2026-10-09
556790-9477,46.433,2026-10-09
556791-4147,"32.990,46.499",2026-10-09
556791-6019,72.109,2026-10-09
556792-0193,70.100,2026-10-09
556793-5183,70.100,2026-10-09
556794-1363,"26.200,61.100,46.501",2026-10-09
556794-4797,"70.100,10.890,72.200",2026-10-09
556795-9894,71.123,2026-10-09
556796-2260,"16.231,25.110",2026-10-09
556797-0750,64.211,2026-10-09
556797-0800,66.120,2026-10-09
556798-8760,74.110,2026-10-09
556800-6703,"28.930,71.123",2026-10-09
556800-7461,74.110,2026-10-09
556802-2155,70.200,2026-10-09
556802-2171,70.100,2026-10-09
556802-2858,"68.201,68.203",2026-10-09
556802-6891,62.100,2026-10-09
556804-3524,58.210,2026-10-09
556804-6493,"62.100,68.203",2026-10-09
556804-8598,09.100,2026-10-09
556805-7029,"46.141,71.123",2026-10-09
556810-8988,64.212,2026-10-09
556810-9879,70.200,2026-10-09
556813-5957,"72.109,46.460",2026-10-09
556816-4460,62.201,2026-10-09
556818-0300,"70.200,64.994",2026-10-09
556819-2321,70.100,2026-10-09
556821-2319,70.100,2026-10-09
556821-9207,72.101,2026-10-09
556822-1187,70.100,2026-10-09
556822-6293,58.110,2026-10-09
556824-1037,"72.101,46.460",2026-10-09
556825-4741,68.202,2026-10-09
556826-6943,64.212,2026-10-09
556827-0390,64.211,2026-10-09
556829-4390,82.100,2026-10-09
556829-7013,71.122,2026-10-09
556832-0062,72.109,2026-10-09
556833-0285,72.109,2026-10-09
556840-2076,62.100,2026-10-09
556840-2829,26.300,2026-10-09
556840-3918,68.320,2026-10-09
556841-7546,46.189,2026-10-09
556841-9187,"03.210,72.101,46.380",2026-10-09
556842-4062,62.100,2026-10-09
556844-3914,71.124,2026-10-09
556846-0231,70.100,2026-10-09
556846-1643,"27.110,33.140",2026-10-09
556846-5560,30.200,2026-10-09
556846-8465,"74.110,71.124",2026-10-09
556849-1368,62.900,2026-10-09
556849-4180,66.190,2026-10-09
556851-9523,70.200,2026-10-09
556852-5843,70.100,2026-10-09
556854-8860,70.100,2026-10-09
556855-5022,20.599,2026-10-09
556856-0246,46.501,2026-10-09
556856-7696,58.290,2026-10-09
556857-5871,71.123,2026-10-09
556858-5441,70.100,2026-10-09
556861-8168,72.109,2026-10-09
556864-7324,64.994,2026-10-09
556864-8116,70.100,2026-10-09
556865-1680,64.212,2026-10-09
556865-8883,73.200,2026-10-09
556866-0657,11.010,2026-10-09
556866-0723,70.200,2026-10-09
556872-7654,71.123,2026-10-09
556873-8586,"21.200,72.109",2026-10-09
556878-2295,70.200,2026-10-09
556878-5538,70.100,2026-10-09
556879-4548,70.100,2026-10-09
556882-8908,"70.200,62.100,64.994",2026-10-09
556883-7206,46.649,2026-10-09
556884-9920,47.634,2026-10-09
556887-4274,70.100,2026-10-09
556888-1063,"28.990,71.122",2026-10-09
556889-3282,74.140,2026-10-09
556889-7226,71.122,2026-10-09
556890-0111,64.212,2026-10-09
556890-1135,35.120,2026-10-09
556890-4071,72.109,2026-10-09
556891-5390,70.100,2026-10-09
556891-7701,62.201,2026-10-09
556892-3550,66.190,2026-10-09
556893-5414,70.100,2026-10-09
556895-3409,70.100,2026-10-09
556897-5964,20.410,2026-10-09
556899-2589,70.200,2026-10-09
556902-2881,28.990,2026-10-09
556903-2989,"46.501,62.100",2026-10-09
556903-6568,"46.491,47.820",2026-10-09
556904-6476,64.212,2026-10-09
556905-1070,"78.201,96.990,43.320",2026-10-09
556905-3944,70.100,2026-10-09
556906-5377,85.100,2026-10-09
556909-0904,72.109,2026-10-09
556910-9837,26.600,2026-10-09
556911-9778,59.110,2026-10-09
556913-4710,70.100,2026-10-09
556914-7563,"46.501,58.290,62.100,77.330",2026-10-09
556916-4030,70.100,2026-10-09
556917-6596,28.250,2026-10-09
556917-6612,62.100,2026-10-09
556919-9432,70.100,2026-10-09
556921-0627,70.200,2026-10-09
556921-8687,70.100,2026-10-09
556923-1219,"70.100,62.201,62.100,62.202,70.200",2026-10-09
556923-2837,62.100,2026-10-09
556924-7009,"71.122,66.120",2026-10-09
556925-1134,46.501,2026-10-09
556928-0380,70.100,2026-10-09
556929-1957,"72.109,28.210,33.200,71.124,77.400",2026-10-09
556931-4106,71.122,2026-10-09
556931-4692,70.100,2026-10-09
556934-8344,"72.101,21.200,46.460,72.109",2026-10-09
556935-3559,72.109,2026-10-09
556935-4946,70.200,2026-10-09
556936-2196,"95.311,35.140",2026-10-09
556936-8524,81.100,2026-10-09
556937-9547,72.109,2026-10-09
556938-0156,72.109,2026-10-09
556938-9512,26.600,2026-10-09
556939-1484,20.599,2026-10-09
556939-8752,70.200,2026-10-09
556940-9708,59.200,2026-10-09
556941-0110,64.991,2026-10-09
556942-1604,70.100,2026-10-09
556943-6560,56.110,2026-10-09
556943-7600,68.201,2026-10-09
556943-7774,64.212,2026-10-09
556943-8442,"26.510,26.300",2026-10-09
556944-6981,47.401,2026-10-09
556946-3358,64.212,2026-10-09
556946-8498,63.100,2026-10-09
556950-4474,58.210,2026-10-09
556951-6783,64.212,2026-10-09
556951-7427,38.215,2026-10-09
556951-8532,"71.123,74.110",2026-10-09
556951-9845,"72.109,32.990",2026-10-09
556952-8671,70.100,2026-10-09
556953-2616,58.290,2026-10-09
556956-2795,62.100,2026-10-09
556956-5707,32.501,2026-10-09
556956-9246,72.109,2026-10-09
556958-2439,"70.200,82.990",2026-10-09
556958-4120,63.910,2026-10-09
556959-2867,72.109,2026-10-09
556959-2917,72.109,2026-10-09
556960-9539,"21.200,32.501",2026-10-09
556962-2441,"64.999,70.200",2026-10-09
556962-5345,21.200,2026-10-09
556963-3182,62.201,2026-10-09
556964-2969,58.210,2026-10-09
556965-1473,72.101,2026-10-09
556965-2885,62.202,2026-10-09
556965-8361,72.109,2026-10-09
556966-4609,64.211,2026-10-09
556966-4831,72.109,2026-10-09
556966-4955,72.109,2026-10-09
556967-4392,70.200,2026-10-09
556967-8674,"46.491,53.202",2026-10-09
556970-5782,72.109,2026-10-09
556970-5790,72.109,2026-10-09
556973-2034,"71.129,36.000,85.690",2026-10-09
556975-7684,68.201,2026-10-09
556975-8229,"74.990,70.100",2026-10-09
556979-4562,"62.100,61.100,71.123",2026-10-09
556981-7660,70.100,2026-10-09
556984-0910,70.100,2026-10-09
556984-4557,68.201,2026-10-09
556988-0411,61.100,2026-10-09
556988-7556,"61.900,47.404",2026-10-09
556990-1795,66.190,2026-10-09
556990-2777,70.100,2026-10-09
556991-6082,21.200,2026-10-09
556994-5792,70.100,2026-10-09
556995-8126,"46.460,64.212,32.501",2026-10-09
556999-7710,"68.203,70.100",2026-10-09
559000-7430,58.210,2026-10-09
559001-3875,70.100,2026-10-09
559002-6919,70.100,2026-10-09
559005-9415,62.201,2026-10-09
559006-3490,72.109,2026-10-09
559006-3524,90.110,2026-10-09
559009-0667,"68.203,70.200",2026-10-09
559009-2382,70.100,2026-10-09
559015-1360,58.210,2026-10-09
559015-8944,64.212,2026-10-09
559016-1500,70.200,2026-10-09
559016-7838,47.123,2026-10-09
559016-9016,70.200,2026-10-09
559018-9543,70.100,2026-10-09
559019-4261,31.002,2026-10-09
559019-5748,"62.100,66.190",2026-10-09
559019-7462,58.210,2026-10-09
559020-2262,70.100,2026-10-09
559020-9093,85.599,2026-10-09
559021-1263,70.100,2026-10-09
559022-4506,"47.910,46.181",2026-10-09
559024-7275,47.272,2026-10-09
559025-8637,70.200,2026-10-09
559026-0963,62.100,2026-10-09
559026-1888,70.200,2026-10-09
559026-5566,62.900,2026-10-09
559026-7885,70.100,2026-10-09
559026-8032,"64.212,72.109",2026-10-09
559027-5656,"68.203,66.190",2026-10-09
559033-3729,"64.211,82.100",2026-10-09
559033-7654,"01.134,03.220",2026-10-09
559037-2271,72.109,2026-10-09
559037-7882,70.100,2026-10-09
559042-2464,68.320,2026-10-09
559043-3214,64.991,2026-10-09
559046-1116,71.122,2026-10-09
559048-9620,70.100,2026-10-09
559049-5254,70.200,2026-10-09
559050-5052,70.100,2026-10-09
559053-2775,70.100,2026-10-09
559056-4000,64.211,2026-10-09
559056-8878,66.190,2026-10-09
559058-4826,72.109,2026-10-09
559058-8322,62.100,2026-10-09
559059-2506,70.100,2026-10-09
559060-0713,64.211,2026-10-09
559060-1372,58.290,2026-10-09
559063-5073,70.200,2026-10-09
559065-6384,71.123,2026-10-09
559066-2093,70.100,2026-10-09
559067-6820,72.109,2026-10-09
559069-9012,72.109,2026-10-09
559071-5750,03.210,2026-10-09
559072-1352,70.100,2026-10-09
559073-6681,70.200,2026-10-09
559073-9487,70.100,2026-10-09
559074-4313,"62.100,70.200",2026-10-09
559075-6796,70.200,2026-10-09
559077-0722,"28.290,70.100",2026-10-09
559077-0730,63.100,2026-10-09
559077-0748,70.100,2026-10-09
559077-0763,70.100,2026-10-09
559078-0465,70.200,2026-10-09
559078-0531,62.100,2026-10-09
559079-2650,"70.100,61.100",2026-10-09
559079-3898,32.501,2026-10-09
559080-2970,70.100,2026-10-09
559085-0334,66.190,2026-10-09
559085-5721,"62.100,64.994",2026-10-09
559088-0240,64.212,2026-10-09
559088-4440,70.100,2026-10-09
559092-8064,70.100,2026-10-09
559093-1902,72.109,2026-10-09
559093-1928,26.110,2026-10-09
559093-4575,47.123,2026-10-09
559093-5176,64.211,2026-10-09
559094-8302,72.109,2026-10-09
559095-1942,"62.201,70.100,63.910",2026-10-09
559095-6784,46.460,2026-10-09
559096-3087,62.100,2026-10-09
559098-0909,70.100,2026-10-09
559098-4471,"70.200,64.994",2026-10-09
559100-5250,62.100,2026-10-09
559102-0184,70.100,2026-10-09
559105-2914,"66.190,72.109",2026-10-09
559105-2922,72.109,2026-10-09
559105-2948,64.991,2026-10-09
559106-5999,72.109,2026-10-09
559107-2839,"70.200,64.994",2026-10-09
559110-4004,"",2026-10-09
559110-4616,"64.212,70.100",2026-10-09
559111-0787,70.100,2026-10-09
559115-8448,70.100,2026-10-09
559116-6532,70.100,2026-10-09
559117-1292,"70.200,46.649",2026-10-09
559120-8870,62.100,2026-10-09
559121-5875,80.090,2026-10-09
559122-8654,64.212,2026-10-09
559124-1251,66.190,2026-10-09
559124-6052,"68.320,70.100",2026-10-09
559124-6847,70.100,2026-10-09
559129-4623,64.212,2026-10-09
559130-4406,70.100,2026-10-09
559131-0833,"68.203,68.202",2026-10-09
559133-1367,66.190,2026-10-09
559133-3793,70.200,2026-10-09
559134-5813,"74.130,47.553,70.200",2026-10-09
559135-0599,68.203,2026-10-09
559136-8765,72.109,2026-10-09
559144-0697,82.300,2026-10-09
559144-3964,"62.201,70.200",2026-10-09
559152-3013,62.202,2026-10-09
559152-5315,70.200,2026-10-09
559154-5453,"70.100,82.990,93.210",2026-10-09
559158-4122,70.100,2026-10-09
559164-8752,68.203,2026-10-09
559164-8869,72.109,2026-10-09
559165-0642,09.900,2026-10-09
559168-1019,64.310,2026-10-09
559177-5290,64.212,2026-10-09
559179-0380,72.101,2026-10-09
559179-2840,64.212,2026-10-09
559179-2873,68.320,2026-10-09
559179-8342,"64.994,62.100,70.200",2026-10-09
559184-9848,70.200,2026-10-09
559194-8889,64.991,2026-10-09
559195-4812,64.991,2026-10-09
559198-1146,62.100,2026-10-09
559203-6254,70.100,2026-10-09
559206-7168,70.200,2026-10-09
559206-8067,70.200,2026-10-09
559207-9544,70.200,2026-10-09
559208-7331,46.460,2026-10-09
559213-3739,29.101,2026-10-09
559214-3316,62.201,2026-10-09
559217-4659,70.200,2026-10-09
559220-9083,70.200,2026-10-09
559222-2953,72.109,2026-10-09
559223-1392,"46.450,64.212",2026-10-09
559223-8694,"64.920,70.100",2026-10-09
559223-8827,70.200,2026-10-09
559224-1433,70.100,2026-10-09
559224-8040,32.501,2026-10-09
559225-3123,"47.123,70.200",2026-10-09
559226-8352,"66.190,70.200,64.991",2026-10-09
559234-8923,70.100,2026-10-09
559237-3632,47.634,2026-10-09
559248-6889,72.101,2026-10-09
559261-9968,21.200,2026-10-09
559266-0699,46.630,2026-10-09
559269-9507,68.203,2026-10-09
559270-7664,64.991,2026-10-09
559273-8016,70.100,2026-10-09
559274-2463,46.460,2026-10-09
559276-3857,"68.310,70.100,71.124",2026-10-09
559278-2774,61.100,2026-10-09
559278-6668,46.501,2026-10-09
559280-0014,70.100,2026-10-09
559280-0782,70.100,2026-10-09
559282-0483,70.100,2026-10-09
559288-0362,"64.991,66.190,69.201",2026-10-09
559296-1105,70.200,2026-10-09
559298-1707,68.203,2026-10-09
559303-4753,73.120,2026-10-09
559304-1295,70.100,2026-10-09
559307-1102,62.100,2026-10-09
559307-6986,70.100,2026-10-09
559308-7397,09.900,2026-10-09
559309-8790,70.200,2026-10-09
559311-4183,70.100,2026-10-09
559319-6446,"78.202,82.990",2026-10-09
559321-7234,"64.994,70.200",2026-10-09
559323-5418,62.100,2026-10-09
559323-9733,70.100,2026-10-09
559326-0366,09.900,2026-10-09
559327-6263,70.200,2026-10-09
559338-6443,70.100,2026-10-09
559341-3692,70.100,2026-10-09
559353-9322,70.200,2026-10-09
559361-7078,"",2026-10-09
559370-9107,62.100,2026-10-09
559377-9522,64.991,2026-10-09
559378-1700,70.100,2026-10-09
559395-6955,70.200,2026-10-09
559397-1723,64.212,2026-10-09
559407-6563,"",2026-10-09
559434-5851,70.100,2026-10-09
559449-4329,70.100,2026-10-09
559456-8809,"31.009,47.551",2026-10-09
559465-8196,64.190,2026-10-09
559478-3440,70.200,2026-10-09
559487-1245,"64.991,70.200",2026-10-09
559488-0667,70.200,2026-10-09
559488-9494,64.211,2026-10-09
559490-6546,64.190,2026-10-09
559495-4116,"70.100,70.200",2026-10-09
559502-6336,64.310,2026-10-09
559503-1476,64.991,2026-10-09
559503-6467,70.200,2026-10-09
559525-3732,42.990,2026-10-09
559525-5877,70.100,2026-10-09
559526-3566,64.991,2026-10-09
559526-3582,74.990,2026-10-09
559529-0734,70.100,2026-10-09
559529-2235,"",2026-10-09
559537-0098,70.100,2026-10-09
559537-3548,64.991,2026-10-09
559542-5660,70.200,2026-10-09
559542-5678,70.200,2026-10-09
559547-5061,70.100,2026-10-09
559573-4681,58.290,2026-10-09
